lp,plik,_uid,_address,_public_key,_private_key_hex,_private_key_wif
1,dump-100006085755590626624017165289976955820.json,100006085755590626624017165289976955820,1DZDAf3kg8x3zA7CRbnZdP2JfX5ozA5jRk,036b4b1e9ff05cee26656b9efdec3b6e0c21ae9964e49b742d23f61c0ff4b50037,7f60495922b771f449050f4e8e2fb667a79c1bd4900c10355579d570dfcef95a,L1VK8a9DRMTnKRsj4WX9BMoPssTy1VTzs92vtibmLcSK2AvSj61X
2,dump-100030850498488522803283650238992810924.json,100030850498488522803283650238992810924,19tr4GfVNMAtWTUfKQvWkHosG3UTJKACW8,03219811bfd62b35ab1c1fb4a6eb835aad58a3f1fb4474f2bb41a63b6838118869,84e1af7318d693235883f205c7b1d1f87260e18bfe9a9c1672be0f0af1cbf988,L1g1qmqNSig1gCCHckieYMXChH5MUEgZMNQvtphfJTSithLjKVjH
3,dump-100043222768346750319322799603834356652.json,100043222768346750319322799603834356652,1MJMB1qWUBBmSwqMB6U77tsEF2eLfuwhhk,034f471340d4f82bcadd389c4d6cc54974f50d719ef4217267eca0dbdf53f6de19,0e9cf87f55c0e2c6bd6ed6b593336f98d08b330634c3c5ea91aab67a4b52aadb,Kwi7jjVvM7mYDgSs3D3jieWV4PRW9vPwc6EExZup7HSvg38nKj6m
4,dump-100043222847574912833464977057485882284.json,100043222847574912833464977057485882284,14dzfwUkbhsGqfAG8YE6Rdvu5dqr79w8F9,0369e64dc13fff76c64543c86f3f95c9d72c975eca44786d87b3a1cb99cd638dab,f458b518ee129c64e316c022b50d931ce7b1d2687e4dd3dad92db122462e121d,L5QgtcarzcZPNQfzP9e7eKkJLvcD5H2ZEPsouySavckrTRpfDsE4
5,dump-100043222926803075349108542036912047020.json,100043222926803075349108542036912047020,13hNmd5idgm92UPx83Q6Tpfzck3nUgbpVU,02e539ee15990011b049d502551b4e82e2018e284904fcb7d95684832b64a26e4c,61e8a9d2add2e5ae841a6d636087bc8286a7a7ecacdaec25053bc325b1ea8429,KzW2rqt5nacf6aLaD7NeSQQeXu37rDMy1WGqGtNpHKZWasJM6xi7
6,dump-100055599791894728693619245482980869036.json,100055599791894728693619245482980869036,1PKAWENiHgV7zfqeHaStc8MBzJsWpWabK5,038bad5c82b941c18b775a93c673ddf48695d53a6737d3134ca5852107c5d3bb67,71df2719dfb8c86c18d6435b80ebe7d6ef003a6009715ca87fa81bc3ea3ed7e0,L134ajHR7NuJqaZs9ZDEkB1xtCVopMY1yBLXiZ7WdHobpxaDt4p8
7,dump-100055599871122891209240010989293470636.json,100055599871122891209240010989293470636,1CpqzKtZrQ6vLPJS1XY9pXnWGomqD2Skpg,03998a55117b44caf96badcbd1901113b599d81ff70410c104b2c8d429172cd61d,fd041e6a1c2e80f8d6c95b26bb0aeb86024659ee09942f31862be2e8553ee86e,L5hYLVw5NtuBd2k8S1uY6n7U6mNa9efsMXy6nLzo2bn5uGoT9z6Z
8,dump-100055599950351053724779430227336692652.json,100055599950351053724779430227336692652,1JSvFj8g1DwyB7YeWiS18i2CZVBDqmRYmU,02717fa54a9d66402d1bd8c312b49aa76d4b71ba7886ff5affba05a6621d59ddd1,db249e7cd877c183fb505d52f54850273380b669ba79e3e4021d5bd5d523e847,L4ZhLgGVgEB13NEtVo1UfvmZCfjCEVbJmM3AHeYgLTi1Dhcguk1Q
9,dump-100055600029579216236043807519098471340.json,100055600029579216236043807519098471340,155rLgc1rsTCXGFMCfmhf9vELhoXDYveLd,03cdd2fd2465e4f4abcea26f1e676ac680ad014ddcb5a410c975e199d718abcd82,9e7aeeaf9eb796f7e6af5f97d27a36bab3be501aa4fbb8c75f508a2e00fab18e,L2Xmwg1rVArEsowXZiDEGmhsKgmfovGX4y79WJz1Jy3StiZ35X7a
10,dump-100055600108807378750052002883835724716.json,100055600108807378750052002883835724716,1CkWAwrd34XH3DFFrS3GxryeZrM9uEZgj1,03ab5d9b37211209794133b98027e2d4091a139ef7816a2525c8ca96eff73668b1,6fe9a9ca7d45f88aea7cf70b4efdfa23855627e6fcfa268a9c69a4ec5dc79fd3,KzyFirUVbmBhceCukzW9p6bexGaDKEPLqjS9UQZyQSdfGbVvguJ1
11,dump-100055600188035541264191365587720143788.json,100055600188035541264191365587720143788,1GdJTMJ5Za264yadyZh3Pk374tpreRcnZf,03e53e6e52983509c61ade16570d0a3f9ffc8ee89f4cca2b12191f7e27448f30d7,5cf0078463610f745c18913c57adc3330d182db5171a5dc7b616ca7b8e8bd61a,KzLNP7gFH8G2qXEZe8XMZepbLW2Vg2XfdcqTvWXBHNhpwWN1BgLb
12,dump-100055600267263703780818685610750051244.json,100055600267263703780818685610750051244,188jNdkuPsGhPtmWjF7CJPTC8voHcJJ5Mv,0388c41518ff46d2e9715bad78e4bf73979ff0ed32fe4846f4ea82825bf3f27072,1e5a0f93a570082d865ad715028904e3fc7f89aa71d26e2ce0b008ded8ea7fc4,KxEiBS7wuekdwiuCmWs2P5XamJ37JospBXnu8nehfe2vDhVf6KGB
13,dump-100068016271067639174149323382426633132.json,100068016271067639174149323382426633132,18VPJkKKp1jzRX4siuznoWZ6k8iacc1ku2,035cd491a0f523a70934e57a618a2ffef5dd38b9a5fc6acd8ac1e2b774b996415c,0a6ed7cba4cd714283a303d5ace16d4df00f1e18f7df7b12682ebeaf93bd5a51,KwZzSkqcu8hohABXubCp3FXnVNA64Tgacc3Kn5GCN4KVqjjMdz56
14,dump-100068016350295801686319768624220013484.json,100068016350295801686319768624220013484,1MCL5xdnuaGdecbdAXgBNFQmC4bgvDW2k8,02a457d229d8d80da66f51f566f5ec076c874c9d39bd6a304c0d01b322da3486bb,621b411648d4ad85da6db5835526e7be47fabad5ed999814cbab89755fbf5c24,KzWR97tafyQobNW1meTmHDe52dh4HyYpZhZcmqhWdDQM91eVkQgw
15,dump-100068016429523964202006680750059619244.json,100068016429523964202006680750059619244,1BRdZp9fS4PC8KWBvS7D76uCNFRTmFSqE2,0231134b8213c8535206aee9385ffd70f670226e35048b2036d2bcac846b92d904,00cfeecc1f77d8e49cd9125887b797ab58559e2c5ef78abe12b714f4a029a4f2,KwFHm2FqeadDEipSYv8QJFcuKAC5xJYtefgtZ4Qzd99yS14ssRaY
16,dump-100068016508752126715477258909279519660.json,100068016508752126715477258909279519660,13ksyUNpnkNQZpoCkbHP31VGc9UwNLWJWX,02d34a4fea2f411d361b0976fc447f9b0cdb95ff836f15d79cce428d45e6fddd63,87b9465fee071d5261bb0353ac308ca150df4150a6fc088ec58cdd6a5f9af057,L1mYH59ith5H6bfVFZm9iVhV2GxmTqJUpGgvN77Th9mpy8GuXgRQ
17,dump-100068016587980289230886073758128997292.json,100068016587980289230886073758128997292,17E4yvosYM7zuK3uWYi8PtXhXp2xUPb9gB,022f884cebf9361a0d5f85c24bd8a4749dbc72f8d204939b9771cb08c6c2a394b6,6f939de333727e8920bea0f7775dfbccdf54e5dcc4fc4c9688a18d9c0f4c1f7b,KzxbpupayMwXKUC15PoVAJZ1qBBi97EFepf91uiPtxwwAXTuVG3E
18,dump-100068016667208451742607284937092170668.json,100068016667208451742607284937092170668,18AQ647CKeZoy41cBq8iBX4TXacYyYmrBX,02be8de6cd2ff1a38531e1a40eb455854b81d7107c6c58dc9e866ae0687dacf1d6,b92520159565f0f6604fc6b78948f826d4b40edd99be413d840762a56d094b48,L3RcFcPbLafXE8MgJxEJUVWmXabygybSqWwZ7JmFfzq1BYwYJx9X
19,dump-100068016746436614259880308556696322988.json,100068016746436614259880308556696322988,1HZ5HFUjNBUoSG86eM2DDXQ5zbQj3u2YUF,03643190553c9fa1448e675f25f71018c718e09568bb324c55bdf0965d7262ed65,31b44396b19b83fbf2c9344e155f4940f03c2682268894f70da041854d2f940b,KxtL3uRdCHRnnKG8xfFJ73iXwQspuwHhpnNdVF4K3TkNHyLXqPD3
20,dump-100080364376336299842260066668414436268.json,100080364376336299842260066668414436268,1LzL1WeuUAywebaADhSw9spcnYQRe5T5ZY,02518097122f2d54d4986d61ff3bffd02c1fba6f4cc25388961489dda21e15cbf2,3c462e5092224a2202dc6ec63f6db88df3c377f1b06e2ca9ff06b56a1639b924,KyEskvKcVn2eh1Bf25ufAtn8u9aRQ4XmdyxrmgAn2PHLr4VZqiVa
21,dump-100080364455564462357870136125612032940.json,100080364455564462357870136125612032940,1LdiBoD7SxcCp9a6bTPDGH4EptRLiC6pTF,0347e6221b8a885b26d78af889e78fbe37783a6b2ac7bd4dea27fa813c9c96ad8b,53042a63614d888d9d3be91f26325b0f20413eed2f97c5678773504b53b7767a,Kz15ohosFRToRnyvao82ab2ZEuFmk6PoJRRbJU9SSn7Ueib5tBUu
22,dump-100080364534792624871386313231059059628.json,100080364534792624871386313231059059628,17SUk3sprpbhhz3X7NiHqzVexKaq9ACBHX,03236d7bf030755f31fe7f98c50ce6ccb240f936359ced891b3e5b6842d7faa15c,5f46a33a77f721f5b61077c0d486b11c75e6f0bbd0facecb7fdf26d063a89970,KzQv1m3X2hiRgvUxp7Fp4GyvCGTTNbUNXoNMJtaNjA1UgkuNqx5m
23,dump-100080364614020787385911578128013788076.json,100080364614020787385911578128013788076,1P4YtvRUQNGycnB6s44GZxkeQNKtQYjJMP,0328f0b5db7fe0030d965849549db2f97508842b18fc5c7dc6552d0fb1158fb44a,53941798b44d6f05023b4a1527c02f4c3a65a8d15e41c769f9abc7677956ac93,Kz2BC7gpJMxjyhmUWDpNTEGueP8q3Eih6QvRrnS4z52GwCfsCZeg
24,dump-100080364693248949897856843388438643628.json,100080364693248949897856843388438643628,1ExKSg34ZmnnmYDn6hmHdVfuFZfPXCskTj,020d1ce2f62fd6c27fd702df2019860f6ec0b1c53642f51828809f03cd3327292a,d2090e74976bcee0cd61d522ed839e7813cbc0f4f66895bad80f39006b7d92fc,L4FzW3GHpQ5t55HWfKvwjbHDQdTJHKcT4pqA4iUFPKQoiTWFaYA9
25,dump-100080364772477112411850402054386942892.json,100080364772477112411850402054386942892,1D7BRCXYe2H1FnxnEunBKk6VC633ivqeNP,02203bc7ba6c955f1d72585c8010923e4662cf75326fbecf07f8be2afd48064a37,14581a6c4bfa2686107ba316bd4715e0a0a8e4d685fc931f416fcdc707a0f863,KwuFsfWPeQcHdVair8sQj4CN9HXJZkehsJPKyTEf1C1MRdRjupM1
26,dump-100080364851705274925852686444613272492.json,100080364851705274925852686444613272492,1FTdjzTwwp4ntFF9q5x9Q8kPtifmZqis14,0383a89f2756010289418de0edb0cbc3d7fe0a44c89c497fbb90273b303418325e,4427e048f5c6692c642b35f78cf76ec63511707e265a1cb0d7b6e262c5b05bcf,KyWCNEdpeVLAkhYjxjPhhYLG8Wd7Av3kRY2x7SNVbEgLCVEFC8sy
27,dump-100092737438476152503485436908299551660.json,100092737438476152503485436908299551660,127R852jNYZB7eFJn3pohQM62zaNBEUSgQ,0209b69ee960db070501c242e6bbc49de5189d8d66fd26a1d84ea61b45095701df,0f376cbb32e7a078cc36088cf69557d94e9d4b2dcff11b82acb49d49aa1839e1,KwjHm489LiGKHZTkgmauzKCqAMpUycoF4wvAgUuqAr4hXc2a6fxr
28,dump-100092737517704315017708960630220456876.json,100092737517704315017708960630220456876,1EazhXy1RcK9G1ukRC1NrtMVSkVbsiiNX2,021b80822ea14781d6cf3a48bb74b88a39e8178ce79f63238d9c70d3a157a0a096,0288f6b090fff59ba849db2cb12e22804ce2bb9b72e9a4a3c8f8525ff6a562e0,KwJdzZcTxGThJYL94kh5SU39Z683gDHoLuRtH34QuuB1AH6ZXXJr
29,dump-100092737596932477530291766712894948268.json,100092737596932477530291766712894948268,13scXEA6NxDFykecv8H7ewccVQjcMbacZ3,03adce62720770a32fd9e4317bf158c0f215724deeda0d206ec0b914521f6ef993,6fbfaad6b598295e6f81af69127b7e374353bc311baa5bf30f1cfd684cf7492f,KzxwE8BqwUp4ue6372uSJo5QdBMxya4nXjQ1piFUWFYyD6sJqBqs
30,dump-100092737676160640044203134685643735980.json,100092737676160640044203134685643735980,18Kn2uVqdP45UzYYE2FWpRd3jYuaTax2DF,02cf6b2b7cb09c6ffc9c1e2a95b1233ba5bcf935adb7bc9f5aea87abe50440a4a6,e23089269092efd468f858a48eb47efa44d4bc2c60dcac8a14ae2776a2f27365,L4oPoJo34X8PnuyohFbdLTKJE2NR8deFPHLuMmGUqUmMsT3JANgN
31,dump-100092737755388802561619147593416901548.json,100092737755388802561619147593416901548,1PFP1yHDeqYAnFAHtHyZP94kjvmso1EasU,03a7ab46ad23869f8c8c637eacf3195af8c2ab9465aed12cd056919d05cea58c42,6014f633a1b96bd6f434c9db5c97ccd251cec51ec877e09d090c373054b354dd,KzSUt2rVz9YMRpXcu3HZ4Dggmy6EFapyiFcSdxJGiZq2pHRxmJA9
32,dump-100092737834616965076590268853481309100.json,100092737834616965076590268853481309100,1PV5tYbVhCH8iBXHpAFyiGjn4CiBQ3BFUU,02070979bb27278e22480da6cce98e8779b0240047d61cd3b12365de4bb153ca29,35d98391d2255193073c13537a4be3ee4c365eee9b49f6e91830fd35787be491,Ky2PS7KFf2tLathnePWGWD7kZEPL7fTicHYftPTb86QTgTnyP8U4
33,dump-100092737913845127587531794346955965356.json,100092737913845127587531794346955965356,182uWbaRUGsQSoQLRCFVK311a79ciSDqyi,022853a1aa6c43eb78c8749e3fa377c9c8c099197b450078cb625da22fb2b25b2c,98a4160b443fe62d047f4ea64f6b35b20766a5ad925b0f7097095012fc79b691,L2LRbqDWxZKSPFVCDyrWpX2boaYEKtP1i1kf8i4spQTMvtLmAFYV
34,dump-100105195116293570398707823604230980524.json,100105195116293570398707823604230980524,1Hd4T4C6aiCTQCWXkr5RGcj6bfYC9DAeu8,03354b38233f0eb0d47e3f5002b8d774ce7e5d3fcee77854ea8a3a1f85d3c01c52,837d8351131d0755efb5c3da73450a154a8012d9cd812d950b991ba777db4904,L1dJypynWYyPAD7PviHFfuo7iEwLBmF9r4YSKdW4zdQPKZByAyb3
35,dump-100105195195521732915228746086064260012.json,100105195195521732915228746086064260012,1MPfUAheVfiro8uYjxnH946GTznBCiD7Vx,03bb73ccfb6338b4fd5e881dee6b486332479b50bcd31e5a6f8d029eca038fe954,a6176dbe5a1929ef2c192765141c1198386fd35c1d43e2402e70ba1153492182,L2na5Py2hmbeuNN4XeR8ovsyDnrYgzNrWu4f2DMZjKiaQ2a5hcPN
36,dump-100105195274749895427820840842970203052.json,100105195274749895427820840842970203052,1DvsXspUaCiCenVs9RVH74bjy5RTqHLzDn,0233736c3943fdb8f52907a165602e91ee55dc4dbf0d1e9f8f9257200697fac0a3,bfbba6f2063030467f7ca68a9cab3b649bec230f0fe675ab66d5b12db265c039,L3eR1g5U1NKD1r1jqwu357hNudFUxMaP4YTJxeVz2k4FCumMsH48
37,dump-100105195353978057943437947174585566124.json,100105195353978057943437947174585566124,1GvxDehkYi9KiCFGHrwJj8NQBsxfXiEsxL,031ab64ce23e71fec9fbb977c689275f17b980bf65d3853a2047776c4414f8951f,c8a9120f3bc607eb8b0ebd84b70a12e42fe4e39f1c5f43d2e7da42400cb4b032,L3wmXcwwzSh21nBpgBQoMMRmbxRjaVWSq9waUvfB4RKPn2tMZMiL
38,dump-100105195433206220456871652111856370604.json,100105195433206220456871652111856370604,1HtpxQTz6ZgTjMi6TnAcKD8vGaveWJr8Dc,03b4755c6c823e19802b90a34debd1df240ef12b2b744fc14efa421941943cd768,1d541414f134d86486dec7d0a2c46dc5d0b76fc0ad2098d271f40b8419ed71df,KxCioSmUZejj7EkiCPeNUbiafJe5rs6raXdQCT2zvpabT6eADKbS
39,dump-100105195512434382968574285942356640684.json,100105195512434382968574285942356640684,1HKshLN9izvpTYCJirSP7HPYzu38Xs18CR,0229f066ce883d0f8f9b3dbdbe4c0bf791da4fd8d95214b223a6ce34a6431c1870,56f73cf75a86fdbf0c7f4e8b6314c4ed209cedab9187782b20bf088605da6f3f,Kz8m6CLJsJYb7gEhuGnWtRbc4GNZiipRfbyJE8QTipjE7dM5Mmt3
40,dump-100117546469916894151651623150916666284.json,100117546469916894151651623150916666284,12QwmafYVUaBJYr5nFatMfL8ZtyAPajFoP,0283b2919717f056a3b8218e35aa48c2d4d83a7ae5e37c061a1fecf77733f00a18,afe21ef754b4fe68423e5b7c8de75567654c9d551e7994ca6f550bbe9c095b1d,L37c3VBGcc6KGPp1LEvtavBW2ut1jFvaWgvRghvp4YLt5FNC2enh
41,dump-100117546549145056667251559508952679340.json,100117546549145056667251559508952679340,1CBX3DddAhAZaRM52nXrJh7f6idUuZHq8r,02b995cfd10320a0df1ced7167e1dcb65ef017e23c5708cfe83bb33a24bcc9b0fd,6353d591580d7e16e6e71574bf9433d8afbabac79dfaad900eaf0940f5f3af6d,KzYnoZDT1BrFw4gy3TVg2c6mMU9uxaspKnzjyAWz9fB5Uv4kuXXQ
42,dump-100117546628373219183040365576361542572.json,100117546628373219183040365576361542572,1GkaUxNodUb99HZTpRTBGaPN5N4Fk4awR6,0392178422190742c106bdc8ee5f4562e7a46973d9013faf6469c3fdf857f31297,1e6933f3038175c05cba34b58cc2fd7788efe4174a8c068a3e210e9d462f1b64,KxEprDbiHc9gKkm3TtmNUWLhFXq8p9s6hzwHsXRQWdATB3zATsK9
43,dump-100117546707601381695491159894958736300.json,100117546707601381695491159894958736300,1HKWTLLn43CqDYBgundEEvLC3eAebsDSRt,03a5ee482fa33be3e74929178f0867f08b370e4787df0ff76819574bd4a59998bc,80df786db57a0f7a267ab8efc4db2c2be26911cfa0be7983147110a953ce918f,L1YDtVRVzx4fHr8Zxd9XxYoD9mvk2RUonQrGwtzadt9ue13whcgo
44,dump-100117546786829544209230546656937313196.json,100117546786829544209230546656937313196,1KqBNX9A61jRYxi8NuN9vxMWA31dYskXFG,03aed3fba76626001ab7b315692327c027a51f0b96fa7887091789ca40d173bf6f,d56055d66a2c142911fa8f4ee70a355e103bca3dfd41b90c89809f706594c10c,L4NVAzMzUrquaDM734EQ2wLajdziap4r7Rc2ikaYvQAy6BNKPw4o
45,dump-100117546866057706725326441923937502124.json,100117546866057706725326441923937502124,1PVwrLu8oVA5eikDXGeEcwCYRnTPrU4hYH,03ba4c5ef3455a39365dac147082619dbc13f629e61535e17b767f0a5f2f0ed3be,1f26a7676cd86883bc73cda39ffacf35645ebd666745c5f60f36c394c9e8ccaf,KxGGHVLhNHbE2YNTv5JQnRinZvXNZiqMFtRpUNtwpTiaboVkwvH3
46,dump-100117546945285869239620615865012781996.json,100117546945285869239620615865012781996,1LtCYSt9Bdf76yyGyhJ8mTwCiHWUYpgZGr,036b85a92a2bcf7761856adee373a4a58983f1fb9fb70c74bf054ac61ab0d984cb,f0de2ef1ac8392a6d0ed985d7889a5f00d4ffac52cb0ff1c8e1503d3679cbcd7,L5HvhNb7wBRvoT4JNmmsgsHf1hEbEbScM6rYAuhS2qFxQu1rh1aP
47,dump-100129877144989801681463136244229407660.json,100129877144989801681463136244229407660,17TKPnwbD6nsHetcbbuM7d7EVTwXueNV6m,02151d8c69cf390c7d4dc1eb1a90fa0bd362941124d57933016dc4ee8002c51661,60afc8cef6d3f8b5327b0fa1f3a3c5274efca2f6ad798753f3c7f4ba704da200,KzTf4mduTaM5FeZc26fNjSEbT26WaN9sw3Lw7NwRcwZZrX5HuZeG
48,dump-100129877224217964196099583756984845228.json,100129877224217964196099583756984845228,1EnazHiawdv7VRzCxdvLYxcm2B9r1JqAjZ,030055bfba9f40c38a3b554b9a2199aa47d84f2f10730cb2d49f5d8405d69ad31f,0a897232b050853942b33daedba314cf24021a0b69fe01813e42deaaf1a6e5a9,KwaCAJEoXhhH9wK5GbjPCRSXUwFzAZ9jpH8n6fYzGm2r6Lb8VgKq
49,dump-100129877303446126710474822491352794028.json,100129877303446126710474822491352794028,17LsQdSKA93TCZgZ2NUjT1zuqjGkPDhnZx,0295c5ae8a20dc722602eb3ee28d9a1abfc8287fc3cf2c2c28d1bd5a66a6850c78,a3825338d672eee188de03948d3d93102f0e937ee604ea00dd8e437305cccf98,L2hYvPj2pCdSAogJavdH436SXCUUpHgo9DNcwfUopMFGSzgsakku
50,dump-100129877382674289226842059635902055340.json,100129877382674289226842059635902055340,1CPrD5oR1cPVVDPYU45PRJEhW9K6Q6Vgsd,02606419b068c45455485a3011ab82a5a0c02f89b39a81ab4c4ada8a263ef3347e,e8e673a850b8361e9bb23c031544036756767047427fe3181c15a094d13cd6a3,L52SPAen8JSSmjfEKJS2f6DXSvJLq14Fi88tDsDEhqd7JPuW86ts
51,dump-100129877461902451740763842182789137324.json,100129877461902451740763842182789137324,182CEysoBw58q3XYJ5XH5t2eDd9uxHpX6w,021c28ad2536478474a686e0212a7e95d1bd1265c6f320aec81bab1695c9129e8c,4fb2ba85e87b85fbd2b1eb7475d0a6bc624f8c24dced601c806cd6f93ea186cd,Kytdhycr4DWmZRNYrfDng7ykFu6TSCPPZb9Yoan9xA8Fc2ebnTEH
